"ID","Gene.title","Gene.symbol","Gene.ID","UniGene.title","UniGene.symbol","UniGene.ID","Nucleotide.Title","GI","GenBank.Accession","Platform_CLONEID","Platform_ORF","Platform_SPOTID","Chromosome.location","Chromosome.annotation","GO.Function","GO.Process","GO.Component","GO.Function.ID","GO.Process.ID","GO.Component.ID","Platform_SEQUENCE","logFC","AveExpr","t","P.Value","adj.P.Val","B"
"ILMN_1701114","guanylate binding protein 1","GBP1","2633","","","","Homo sapiens guanylate binding protein 1 (GBP1), mRNA",166706902,"NM_002053",NA,NA,NA,"1p22.2","Chromosome 1, NC_000001.11 (89052304..89065360, complement)","GTP binding///GTPase activity///Hsp90 protein binding///actin binding///cytokine binding///enzyme binding///identical protein binding///protein binding///spectrin binding","defense response to virus///interferon-gamma-mediated signaling pathway///negative regulation of ERK1 and ERK2 cascade///negative regulation of T cell receptor signaling pathway///negative regulation of interleukin-2 secretion///negative regulation of protein localization to plasma membrane///negative regulation of substrate adhesion-dependent cell spreading///regulation of calcium-mediated signaling///regulation of protein localization to plasma membrane","Golgi membrane///cytosol///cytosol///extracellular region///plasma membrane","GO:0005525///GO:0003924///GO:0051879///GO:0003779///GO:0019955///GO:0019899///GO:0042802///GO:0005515///GO:0030507","GO:0051607///GO:0060333///GO:0070373///GO:0050860///GO:1900041///GO:1903077///GO:1900025///GO:0050848///GO:1903076","GO:0000139///GO:0005829///GO:0005829///GO:0005576///GO:0005886","GCATTGGTCTGGCCAAGTCTACAATGTCCCAATATCAAGGACAACCACCC",1.08789376268659,9.79431700800528,7.02007959256199,2.61635679778318e-11,1.31367274816693e-07,15.2339526951282
"ILMN_1782487","","","","","","","",NA,"",NA,NA,NA,"","","","","","","","","CAACCAAGGACATGTACCATAAACTAAAGACCAGAGCCTTCCTGTCACCC",1.25734360997734,7.06628948404015,6.42361108929396,7.88452243233985e-10,1.22640045116714e-06,12.0246227601982
"ILMN_2388547","epithelial stromal interaction 1 (breast)","EPSTI1","94240","","","","Homo sapiens epithelial stromal interaction 1 (breast) (EPSTI1), transcript variant 2, mRNA",388240825,"NM_033255",NA,NA,NA,"13q13.3","Chromosome 13, NC_000013.11 (42886388..42992271, complement)","","","","","","","GGGAGTCACTTGATGCTTTCAGGTTAATCAGAGCTATGGGTGCTACAGGC",1.53205030275759,10.9142774284101,6.40590485353569,8.69774092193225e-10,1.22640045116714e-06,11.9322393047834
"ILMN_1791759","C-X-C motif chemokine ligand 10","CXCL10","3627","","","","Homo sapiens C-X-C motif chemokine ligand 10 (CXCL10), mRNA",323422857,"NM_001565",NA,NA,NA,"4q21","Chromosome 4, NC_000004.12 (76021116..76023536, complement)","CXCR3 chemokine receptor binding///cAMP-dependent protein kinase regulator activity///chemokine activity///heparin binding///protein binding///receptor binding","G-protein coupled receptor signaling pathway///T cell chemotaxis///blood circulation///cell surface receptor signaling pathway///cell-cell signaling///cellular response to heat///cellular response to lipopolysaccharide///chemokine-mediated signaling pathway///chemotaxis///defense response to virus///endothelial cell activation///immune response///inflammatory response///muscle organ development///negative regulation of angiogenesis///negative regulation of myoblast differentiation///negative regulation of myoblast fusion///positive regulation of T cell migration///positive regulation of cAMP metabolic process///positive regulation of cAMP-mediated signaling///positive regulation of cell proliferation///positive regulation of monocyte chemotaxis///positive regulation of release of sequestered calcium ion into cytosol///positive regulation of transcription from RNA polymerase II promoter///regulation of T cell chemotaxis///regulation of cell proliferation///regulation of endothelial tube morphogenesis///regulation of protein kinase activity///response to auditory stimulus///response to cold///response to gamma radiation///response to vitamin D///signal transduction","external side of plasma membrane///extracellular region///extracellular region///extracellular space","GO:0048248///GO:0008603///GO:0008009///GO:0008201///GO:0005515///GO:0005102","GO:0007186///GO:0010818///GO:0008015///GO:0007166///GO:0007267///GO:0034605///GO:0071222///GO:0070098///GO:0006935///GO:0051607///GO:0042118///GO:0006955///GO:0006954///GO:0007517///GO:0016525///GO:0045662///GO:1901740///GO:2000406///GO:0030816///GO:0043950///GO:0008284///GO:0090026///GO:0051281///GO:0045944///GO:0010819///GO:0042127///GO:1901509///GO:0045859///GO:0010996///GO:0009409///GO:0010332///GO:0033280///GO:0007165","GO:0009897///GO:0005576///GO:0005576///GO:0005615","GACTTCCACTGCCATCCTCCCAAGGGGCCCAAATTCTTTCAGTGGCTACC",1.5398471251224,5.70326280500946,5.92015867426862,1.19805570131805e-08,7.21264883244335e-06,9.46709045310724
"ILMN_1760062","interferon induced protein 44","IFI44","10561","","","","Homo sapiens interferon induced protein 44 (IFI44), transcript variant 1, mRNA",166706910,"NM_006417",NA,NA,NA,"1p31.1","Chromosome 1, NC_000001.11 (78648554..78664078)","","response to virus","cytoplasm","","GO:0009615","GO:0005737","GCTCTGAGACGAATGCTATGGGCTGCAGATGACTTCTTAGAGGATTTGCC",1.72895325434638,10.2174049242485,5.91284926576474,1.24496361709837e-08,7.21264883244335e-06,9.43104608181171
"ILMN_1795181","DEXD/H-box helicase 60","DDX60","55601","","","","Homo sapiens DEXD/H-box helicase 60 (DDX60), mRNA",222831594,"NM_017631",NA,NA,NA,"4q32.3","Chromosome 4, NC_000004.12 (168216291..168318807, complement)","ATP binding///double-stranded DNA binding///double-stranded RNA binding///helicase activity///protein binding///single-stranded RNA binding","defense response to virus///innate immune response///positive regulation of MDA-5 signaling pathway///positive regulation of RIG-I signaling pathway///response to virus","cytoplasm///intermediate filament cytoskeleton","GO:0005524///GO:0003690///GO:0003725///GO:0004386///GO:0005515///GO:0003727","GO:0051607///GO:0045087///GO:1900245///GO:1900246///GO:0009615","GO:0005737///GO:0045111","ACTCTAGGCACAATCGGTGTCAATCGCTCTCAGGCTCCAGTGCTGTTGTC",1.12140076820756,8.03641826619073,5.86688883241326,1.58385003097359e-08,8.22673552295006e-06,9.20513985359982
"ILMN_1715332","tetratricopeptide repeat domain 21A","TTC21A","199223","","","","Homo sapiens tetratricopeptide repeat domain 21A (TTC21A), transcript variant 2, mRNA",157502176,"NM_145755",NA,NA,NA,"3p22.2","Chromosome 3, NC_000003.12 (39107661..39139009)","","cilium morphogenesis///intraciliary retrograde transport///protein localization to cilium","cilium///intraciliary transport particle A","","GO:0060271///GO:0035721///GO:0061512","GO:0005929///GO:0030991","AGGATGCAGTCACCAACTACAAACTGGCCTGGAAGTACAGTCATCACGCC",1.04326543096644,4.91211542399718,5.70087293785625,3.73867278473146e-08,1.40789070391025e-05,8.39982616985896
"ILMN_1657871","radical S-adenosyl methionine domain containing 2","RSAD2","91543","","","","Homo sapiens radical S-adenosyl methionine domain containing 2 (RSAD2), mRNA",90186265,"NM_080657",NA,NA,NA,"2p25.2","Chromosome 2, NC_000002.12 (6865733..6898239)","4 iron, 4 sulfur cluster binding///catalytic activity///metal ion binding///protein binding///protein self-association","CD4-positive, alpha-beta T cell activation///CD4-positive, alpha-beta T cell differentiation///defense response to virus///negative regulation of protein secretion///negative regulation of viral genome replication///positive regulation of T-helper 2 cell cytokine production///positive regulation of toll-like receptor 7 signaling pathway///positive regulation of toll-like receptor 9 signaling pathway///response to virus///type I interferon signaling pathway","Golgi apparatus///endoplasmic reticulum///endoplasmic reticulum membrane///endoplasmic reticulum membrane///lipid particle///mitochondrial inner membrane///mitochondrial outer membrane///mitochondrion","GO:0051539///GO:0003824///GO:0046872///GO:0005515///GO:0043621","GO:0035710///GO:0043367///GO:0051607///GO:0050709///GO:0045071///GO:2000553///GO:0034157///GO:0034165///GO:0009615///GO:0060337","GO:0005794///GO:0005783///GO:0005789///GO:0005789///GO:0005811///GO:0005743///GO:0005741///GO:0005739","CGCTGGAACCTTGGGCAAGGAAGAATGTGAGCAAGAGTAGAGAGAGTGCC",2.18112882018264,9.46268613974598,5.67937709518142,4.17323494055252e-08,1.42434808406865e-05,8.29679364984018
"ILMN_1742618","XIAP associated factor 1","XAF1","54739","","","","Homo sapiens XIAP associated factor 1 (XAF1), transcript variant 2, mRNA",378925605,"NM_199139",NA,NA,NA,"17p13.1","Chromosome 17, NC_000017.11 (6755411..6775647)","zinc ion binding","apoptotic process///negative regulation of protein complex assembly///response to interferon-beta///type I interferon signaling pathway","cytosol///mitochondrion///nucleus","GO:0008270","GO:0006915///GO:0031333///GO:0035456///GO:0060337","GO:0005829///GO:0005739///GO:0005634","TCTGGGCCCTACAGCCTGGAGAACCTGGAGAATCCTACACCCACAGAACC",1.20506475309177,9.5941406149299,5.67557021930688,4.25517252759007e-08,1.42434808406865e-05,8.27857670330987
"ILMN_1723912","interferon induced protein 44 like","IFI44L","10964","","","","Homo sapiens interferon induced protein 44 like (IFI44L), mRNA",732662992,"NM_006820",NA,NA,NA,"1p31.1","Chromosome 1, NC_000001.11 (78620382..78646145)","GTP binding","defense response to virus","cytoplasm///nucleoplasm","GO:0005525","GO:0051607","GO:0005737///GO:0005654","GTGGGCTAAGATAGGTCCTACTGCAAACCACCCCTCCATATTTCCGTACC",2.17553959730319,10.2479953863994,5.61484910467553,5.795279528938e-08,1.75240353531681e-05,7.98923246466827
"ILMN_1695404","lymphocyte antigen 6 complex, locus E","LY6E","4061","","","","Homo sapiens lymphocyte antigen 6 complex, locus E (LY6E), transcript variant 1, mRNA",187827163,"NM_002346",NA,NA,NA,"8q24.3","Chromosome 8, NC_000008.11 (143018485..143022410)","","cell surface receptor signaling pathway","anchored component of membrane///integral component of plasma membrane","","GO:0007166","GO:0031225///GO:0005887","CAGGGAGACCGTGTCAGTAGGGATGTGTGCCTGGCTGTGTACGTGGGTGT",1.47224461986561,10.8747234220611,5.6102053676968,5.93325236016447e-08,1.75240353531681e-05,7.96719951697
"ILMN_2170814","lysosomal associated membrane protein 3","LAMP3","27074","","","","Homo sapiens lysosomal associated membrane protein 3 (LAMP3), mRNA",156627583,"NM_014398",NA,NA,NA,"3q26.3-q27","Chromosome 3, NC_000003.12 (183122213..183162879, complement)","","adaptive immune response///negative regulation of cysteine-type endopeptidase activity involved in apoptotic process///negative regulation of proteasomal protein catabolic process///positive regulation of gene expression///regulation of autophagy///regulation of viral life cycle///response to interferon-alpha///NOT viral entry into host cell","alveolar lamellar body membrane///early endosome///integral component of membrane///lysosomal membrane///perinuclear region of cytoplasm///plasma membrane///vesicle","","GO:0002250///GO:0043154///GO:1901799///GO:0010628///GO:0010506///GO:1903900///GO:0035455///NOT GO:0046718","GO:0097233///GO:0005769///GO:0016021///GO:0005765///GO:0048471///GO:0005886///GO:0031982","GAGTGTATAGCCCCATCTTGTGGTAACTTGCTGCTTCTGCACTTCATATC",1.70304363647286,5.52093808308348,5.52246602097357,9.23095582238894e-08,2.3567099585194e-05,7.55346529528747
"ILMN_2374865","activating transcription factor 3","ATF3","467","","","","Homo sapiens activating transcription factor 3 (ATF3), transcript variant 4, mRNA",346223456,"NM_001040619",NA,NA,NA,"1q32.3","Chromosome 1, NC_000001.11 (212565334..212620777)","RNA polymerase II core promoter proximal region sequence-specific DNA binding///RNA polymerase II regulatory region sequence-specific DNA binding///identical protein binding///protein binding///protein heterodimerization activity///protein homodimerization activity///transcription corepressor activity///transcription factor activity, RNA polymerase II core promoter proximal region sequence-specific binding///transcription factor activity, sequence-specific DNA binding///transcription regulatory region DNA binding///transcription regulatory region sequence-specific DNA binding///transcriptional activator activity, RNA polymerase II transcription regulatory region sequence-specific binding///transcriptional repressor activity, RNA polymerase II core promoter proximal region sequence-specific binding","PERK-mediated unfolded protein response///cellular response to amino acid starvation///gluconeogenesis///negative regulation of ERK1 and ERK2 cascade///negative regulation of transcription from RNA polymerase II promoter///positive regulation of TRAIL-activated apoptotic signaling pathway///positive regulation of cell proliferation///positive regulation of transcription from RNA polymerase II promoter///positive regulation of transcription from RNA polymerase II promoter in response to endoplasmic reticulum stress///regulation of transcription from RNA polymerase II promoter in response to arsenic-containing substance///skeletal muscle cell differentiation///transcription from RNA polymerase II promoter","CHOP-ATF3 complex///nucleolus///nucleoplasm///nucleus","GO:0000978///GO:0000977///GO:0042802///GO:0005515///GO:0046982///GO:0042803///GO:0003714///GO:0000982///GO:0003700///GO:0044212///GO:0000976///GO:0001228///GO:0001078","GO:0036499///GO:0034198///GO:0006094///GO:0070373///GO:0000122///GO:1903984///GO:0008284///GO:0045944///GO:1990440///GO:0061394///GO:0035914///GO:0006366","GO:1990622///GO:0005730///GO:0005654///GO:0005634","CTCCCAGCGTTAACACAAAATCCATGGGCAGTATGATGGCAGGTCCTCTG",1.2101165084728,4.53061169748474,5.51231532714269,9.71218234008873e-08,2.42123068989565e-05,7.50591512533271
"ILMN_1701789","interferon induced protein with tetratricopeptide repeats 3","IFIT3","3437","","","","Homo sapiens interferon induced protein with tetratricopeptide repeats 3 (IFIT3), transcript variant 1, mRNA",576795860,"NM_001549",NA,NA,NA,"10q24","Chromosome 10, NC_000010.11 (89327819..89340968)","RNA binding///identical protein binding///molecular_function///protein binding","cellular response to interferon-alpha///defense response to virus///negative regulation of apoptotic process///negative regulation of cell proliferation///response to virus///type I interferon signaling pathway","cytoplasm///cytosol///mitochondrion","GO:0003723///GO:0042802///GO:0003674///GO:0005515","GO:0035457///GO:0051607///GO:0043066///GO:0008285///GO:0009615///GO:0060337","GO:0005737///GO:0005829///GO:0005739","GCCCCAACCTGGGATTGCTGAGCAGGGAAGCTTTGCATGTTGCTCTAAGG",1.28318089410419,11.3715996507553,5.51041081470811,9.8051564816859e-08,2.42123068989565e-05,7.4970009018917
"ILMN_1670305","serpin family G member 1","SERPING1","710","","","","Homo sapiens serpin family G member 1 (SERPING1), transcript variant 1, mRNA",73858567,"NM_000062",NA,NA,NA,"11q12.1","Chromosome 11, NC_000011.10 (57597554..57614853)","protein binding///serine-type endopeptidase inhibitor activity","aging///blood circulation///blood coagulation, intrinsic pathway///complement activation, classical pathway///fibrinolysis///innate immune response///negative regulation of complement activation, lectin pathway///negative regulation of endopeptidase activity///platelet degranulation","blood microparticle///extracellular exosome///extracellular region///extracellular region///extracellular space///platelet alpha granule lumen","GO:0005515///GO:0004867","GO:0007568///GO:0008015///GO:0007597///GO:0006958///GO:0042730///GO:0045087///GO:0001869///GO:0010951///GO:0002576","GO:0072562///GO:0070062///GO:0005576///GO:0005576///GO:0005615///GO:0031093","TGGGACCAGCAGCACAAGTTCCCTGTCTTCATGGGGCGAGTATATGACCC",1.47155683690126,7.21397403990029,5.4871184348849,1.10148214099434e-07,2.63359134758694e-05,7.38816658336546
"ILMN_2054019","ISG15 ubiquitin-like modifier","ISG15","9636","","","","Homo sapiens ISG15 ubiquitin-like modifier (ISG15), mRNA",193083170,"NM_005101",NA,NA,NA,"1p36.33","Chromosome 1, NC_000001.11 (1013467..1014540)","protein binding///protein tag","ISG15-protein conjugation///ISG15-protein conjugation///defense response to bacterium///defense response to virus///modification-dependent protein catabolic process///negative regulation of protein ubiquitination///negative regulation of type I interferon production///negative regulation of viral genome replication///positive regulation of erythrocyte differentiation///regulation of interferon-gamma production///response to type I interferon///translesion synthesis///type I interferon signaling pathway","cytosol///extracellular region///nucleoplasm","GO:0005515///GO:0031386","GO:0032020///GO:0032020///GO:0042742///GO:0051607///GO:0019941///GO:0031397///GO:0032480///GO:0045071///GO:0045648///GO:0032649///GO:0034340///GO:0019985///GO:0060337","GO:0005829///GO:0005576///GO:0005654","ACCTGAAGCAGCAAGTGAGCGGGCTGGAGGGTGTGCAGGACGACCTGTTC",1.58698045127347,9.76042122956456,5.3949339460288,1.73958251473376e-07,3.65503119662212e-05,6.96085352219099
"ILMN_1690241","basic leucine zipper ATF-like transcription factor 2","BATF2","116071","","","","Homo sapiens basic leucine zipper ATF-like transcription factor 2 (BATF2), transcript variant 1, mRNA",45238853,"NM_138456",NA,NA,NA,"11q13.1","Chromosome 11, NC_000011.10 (64987945..64997045, complement)","RNA polymerase II core promoter proximal region sequence-specific DNA binding///protein binding///transcription factor activity, RNA polymerase II core promoter proximal region sequence-specific binding","defense response to protozoan///myeloid dendritic cell differentiation///regulation of transcription from RNA polymerase II promoter///transcription, DNA-templated","nucleus","GO:0000978///GO:0005515///GO:0000982","GO:0042832///GO:0043011///GO:0006357///GO:0006351","GO:0005634","CAGGCCCTCATCACCCTCAGACCCCTCCTAAGCAGTTCCCTCATTGCTCT",1.33678570636844,6.19552842663712,5.39398918636739,1.74769918759056e-07,3.65503119662212e-05,6.95650261709714
"ILMN_1805750","interferon induced transmembrane protein 3","IFITM3","10410","","","","Homo sapiens interferon induced transmembrane protein 3 (IFITM3), transcript variant 1, mRNA",148612841,"NM_021034",NA,NA,NA,"11p15.5","Chromosome 11, NC_000011.10 (319673..320914, complement)","protein binding","defense response to virus///immune response///negative regulation of viral entry into host cell///negative regulation of viral entry into host cell///negative regulation of viral genome replication///negative regulation of viral transcription///response to interferon-alpha///response to interferon-beta///response to interferon-gamma///response to virus///type I interferon signaling pathway","extracellular exosome///integral component of membrane///late endosome membrane///lysosomal membrane///plasma membrane///plasma membrane","GO:0005515","GO:0051607///GO:0006955///GO:0046597///GO:0046597///GO:0045071///GO:0032897///GO:0035455///GO:0035456///GO:0034341///GO:0009615///GO:0060337","GO:0070062///GO:0016021///GO:0031902///GO:0005765///GO:0005886///GO:0005886","GATCTTCCAGGCCTATGGATAGATCAGGAGGCATCACTGAGGCCAGGAGC",1.19062983379722,12.5633844954682,5.37601448551412,1.90933427184219e-07,3.88652731577824e-05,6.87383421072776
"ILMN_1683678","spermatogenesis associated serine rich 2 like","SPATS2L","26010","","","","Homo sapiens spermatogenesis associated serine rich 2 like (SPATS2L), transcript variant 1, mRNA",154426309,"NM_015535",NA,NA,NA,"2q33.1","Chromosome 2, NC_000002.12 (200305881..200482263)","poly(A) RNA binding","","cytoplasm///nucleolus///protein complex","GO:0044822","","GO:0005737///GO:0005730///GO:0043234","CCCTGCCCGAGGTGCTGACCCAATTCGCTGCCAAAAGAGTGTCAATCAGA",1.49260042924833,6.35552807259837,5.30770535079645,2.66708021700093e-07,4.67142201263779e-05,6.56159422857655
"ILMN_2058782","interferon alpha inducible protein 27","IFI27","3429","","","","Homo sapiens interferon alpha inducible protein 27 (IFI27), transcript variant 2, mRNA",572871494,"NM_005532",NA,NA,NA,"14q32","Chromosome 14, NC_000014.9 (94110733..94116699)","RNA polymerase II activating transcription factor binding///lamin binding///molecular_function","activation of cysteine-type endopeptidase activity involved in apoptotic process///apoptotic signaling pathway///negative regulation of transcription from RNA polymerase II promoter///regulation of protein export from nucleus///type I interferon signaling pathway","integral component of membrane///mitochondrial outer membrane///mitochondrion///nuclear inner membrane","GO:0001102///GO:0005521///GO:0003674","GO:0006919///GO:0097190///GO:0000122///GO:0046825///GO:0060337","GO:0016021///GO:0005741///GO:0005739///GO:0005637","CCAAGTTCATCCTGGGCTCCATTGGGTCTGCCATTGCGGCTGTCATTGCG",2.98433317944677,9.37980022623949,5.26683415235008,3.25274347787564e-07,5.53567718981039e-05,6.37623850533955
"ILMN_1707695","interferon induced protein with tetratricopeptide repeats 1","IFIT1","3434","","","","Homo sapiens interferon induced protein with tetratricopeptide repeats 1 (IFIT1), transcript variant 1, mRNA",400286377,"NM_001548",NA,NA,NA,"10q23.31","Chromosome 10, NC_000010.11 (89392546..89406487)","RNA binding///protein binding","cellular response to exogenous dsRNA///cellular response to type I interferon///defense response to virus///intracellular transport of viral protein in host cell///negative regulation of defense response to virus by host///negative regulation of helicase activity///negative regulation of protein binding///negative regulation of viral genome replication///positive regulation of viral genome replication///response to virus///response to virus///type I interferon signaling pathway","cytoplasm///cytosol///host cell","GO:0003723///GO:0005515","GO:0071360///GO:0071357///GO:0051607///GO:0019060///GO:0050689///GO:0051097///GO:0032091///GO:0045071///GO:0045070///GO:0009615///GO:0009615///GO:0060337","GO:0005737///GO:0005829///GO:0043657","TGAATGAAGCCCTGGAGTACTATGAGCGGGCCCTGAGACTGGCTGCTGAC",1.47827084206672,10.5942383973868,4.96325648540593,1.37230489927617e-06,0.000166701844337072,5.03451429314645
"ILMN_1756953","guanylate binding protein family member 6","GBP6","163351","","","","Homo sapiens guanylate binding protein family member 6 (GBP6), transcript variant 1, mRNA",157671914,"NM_198460",NA,NA,NA,"1p22.2","Chromosome 1, NC_000001.11 (89363877..89388160)","GTP binding///GTPase activity","cellular response to interferon-gamma///defense response to bacterium///immune response","extracellular exosome","GO:0005525///GO:0003924","GO:0071346///GO:0042742///GO:0006955","GO:0070062","GGATATCAGTGCCTGGCCCACATGAGAGAACAGATCCATACACACTTTGA",1.23368337927338,4.07445887821427,4.93211171789573,1.58509652776397e-06,0.00018366391536699,4.90041840009905
"ILMN_1690365","","","","","","","",NA,"",NA,NA,NA,"","","","","","","","","TGCCATGGAGAGTAGCAGAAACAGCAGCATGCTCACCCTCCGACTTTCTT",1.45453235038916,3.00159006388459,4.90518171066857,1.79454685655472e-06,0.000194089065933157,4.78501162821703
"ILMN_1783621","cytidine/uridine monophosphate kinase 2","CMPK2","129607","","","","Homo sapiens cytidine/uridine monophosphate kinase 2 (CMPK2), transcript variant 1, mRNA",374429550,"NM_207315",NA,NA,NA,"2p25.2","Chromosome 2, NC_000002.12 (6840417..6866635, complement)","ATP binding///UMP kinase activity///cytidylate kinase activity///nucleoside diphosphate kinase activity///thymidylate kinase activity","cellular response to lipopolysaccharide///dTDP biosynthetic process///dTTP biosynthetic process///dUDP biosynthetic process///nucleoside diphosphate phosphorylation///nucleoside triphosphate biosynthetic process","cytosol///mitochondrion///nucleoplasm///nucleus","GO:0005524///GO:0033862///GO:0004127///GO:0004550///GO:0004798","GO:0071222///GO:0006233///GO:0006235///GO:0006227///GO:0006165///GO:0009142","GO:0005829///GO:0005739///GO:0005654///GO:0005634","GGATGGAGAATCCTGGCTGCCATGTGGTTGATGCCAGCCCCTCCAGAGAA",1.93854032962599,4.96666285099113,4.89746893239064,1.8593087129595e-06,0.000196942336002296,4.75205192884753
"ILMN_1714402","zinc finger CCHC-type containing 2","ZCCHC2","54877","","","","Homo sapiens zinc finger CCHC-type containing 2 (ZCCHC2), transcript variant 1, mRNA",725798576,"NM_017742",NA,NA,NA,"18q21.33","Chromosome 18, NC_000018.10 (62523410..62587709)","nucleic acid binding///phosphatidylinositol binding///zinc ion binding","","cytoplasm","GO:0003676///GO:0035091///GO:0008270","","GO:0005737","CCATGGAGGCCAATCAACAAGGCACTTACAGACTGAGATACGCACCTCCC",1.18416195322424,3.63047623216405,4.88370945958359,1.9804989190605e-06,0.000205207108874034,4.6933553046393
"ILMN_1674811","2'-5'-oligoadenylate synthetase like","OASL","8638","","","","Homo sapiens 2'-5'-oligoadenylate synthetase like (OASL), transcript variant 1, mRNA",387849325,"NM_003733",NA,NA,NA,"12q24.2","Chromosome 12, NC_000012.12 (121018882..121039242, complement)","NOT 2'-5'-oligoadenylate synthetase activity///ATP binding///DNA binding///double-stranded RNA binding///poly(A) RNA binding///thyroid hormone receptor binding","defense response to virus///interferon-gamma-mediated signaling pathway///negative regulation of viral genome replication///response to virus///type I interferon signaling pathway","cytoplasm///cytosol///membrane///nucleolus","NOT GO:0001730///GO:0005524///GO:0003677///GO:0003725///GO:0044822///GO:0046966","GO:0051607///GO:0060333///GO:0045071///GO:0009615///GO:0060337","GO:0005737///GO:0005829///GO:0016020///GO:0005730","GCAGGACTGGTTGGGTCTGGGGATCTATGGCATCCAAGACAGTGACACTC",1.12204048773533,9.05535455393874,4.88277559021302,1.9889954123089e-06,0.000205207108874034,4.68937629146562
"ILMN_1663347","otoferlin","OTOF","9381","","","","Homo sapiens otoferlin (OTOF), transcript variant 1, mRNA",215422386,"NM_194248",NA,NA,NA,"2p23.1","Chromosome 2, NC_000002.12 (26457203..26558698, complement)","calcium ion binding///molecular_function///protein complex binding","cochlea development///membrane fusion///sensory perception of sound///synaptic vesicle exocytosis","apical part of cell///basal part of cell///basolateral plasma membrane///cell junction///cytosol///endoplasmic reticulum membrane///integral component of membrane///synaptic vesicle membrane","GO:0005509///GO:0003674///GO:0032403","GO:0090102///GO:0061025///GO:0007605///GO:0016079","GO:0045177///GO:0045178///GO:0016323///GO:0030054///GO:0005829///GO:0005789///GO:0016021///GO:0030672","GCCCGTCAAGTGCTGCCCCTGCCTGTGTCTGGGTTTCTGTTGGCTGTTTT",2.71667380087443,4.94873321442969,4.88097382854906,2.0054878474534e-06,0.000205501111878847,4.68170109954166
"ILMN_1815057","platelet derived growth factor receptor beta","PDGFRB","5159","","","","Homo sapiens platelet derived growth factor receptor beta (PDGFRB), mRNA",68216043,"NM_002609",NA,NA,NA,"5q33.1","Chromosome 5, NC_000005.10 (150113839..150155884, complement)","ATP binding///Ras guanyl-nucleotide exchange factor activity///phosphatidylinositol 3-kinase binding///phosphatidylinositol-4,5-bisphosphate 3-kinase activity///platelet activating factor receptor activity///platelet-derived growth factor beta-receptor activity///platelet-derived growth factor beta-receptor activity///platelet-derived growth factor binding///platelet-derived growth factor binding///platelet-derived growth factor receptor binding///platelet-derived growth factor-activated receptor activity///protein binding///protein kinase binding///protein tyrosine kinase activity///receptor binding///vascular endothelial growth factor binding","G-protein coupled receptor signaling pathway///MAPK cascade///aorta morphogenesis///cardiac myofibril assembly///cell chemotaxis///cell migration///cell migration involved in coronary angiogenesis///cell migration involved in vasculogenesis///cellular response to platelet-derived growth factor stimulus///glycosaminoglycan biosynthetic process///inner ear development///metanephric S-shaped body morphogenesis///metanephric comma-shaped body morphogenesis///metanephric glomerular capillary formation///metanephric glomerular mesangial cell proliferation involved in metanephros development///metanephric mesenchymal cell migration///metanephric mesenchyme development///negative regulation of apoptotic process///peptidyl-tyrosine phosphorylation///phosphatidylinositol metabolic process///phosphatidylinositol phosphorylation///phosphatidylinositol-mediated signaling///phosphatidylinositol-mediated signaling///platelet-derived growth factor receptor signaling pathway///platelet-derived growth factor receptor-beta signaling pathway///positive regulation of DNA biosynthetic process///positive regulation of ERK1 and ERK2 cascade///positive regulation of ERK1 and ERK2 cascade///positive regulation of GTPase activity///positive regulation of MAP kinase activity///positive regulation of calcium ion import///positive regulation of cell migration///positive regulation of cell proliferation///positive regulation of cell proliferation by VEGF-activated platelet derived growth factor receptor signaling pathway///positive regulation of chemotaxis///positive regulation of collagen biosynthetic process///positive regulation of metanephric mesenchymal cell migration by platelet-derived growth factor receptor-beta signaling pathway///positive regulation of mitotic nuclear division///positive regulation of phosphatidylinositol 3-kinase activity///positive regulation of phosphatidylinositol 3-kinase signaling///positive regulation of phospholipase C activity///positive regulation of phosphoprotein phosphatase activity///positive regulation of reactive oxygen species metabolic process///positive regulation of smooth muscle cell migration///positive regulation of smooth muscle cell migration///positive regulation of smooth muscle cell proliferation///positive regulation of smooth muscle cell proliferation///protein autophosphorylation///regulation of actin cytoskeleton organization///regulation of phosphatidylinositol 3-kinase signaling///response to estradiol///response to estrogen///response to fluid shear stress///response to hydrogen peroxide///response to hyperoxia///response to retinoic acid///response to toxic substance///retina vasculature development in camera-type eye///signal transduction///smooth muscle cell chemotaxis///wound healing","apical plasma membrane///cytoplasm///cytoplasmic, membrane-bounded vesicle///extracellular exosome///focal adhesion///integral component of membrane///intrinsic component of plasma membrane///lysosomal lumen///membrane///nucleus///plasma membrane","GO:0005524///GO:0005088///GO:0043548///GO:0046934///GO:0004992///GO:0005019///GO:0005019///GO:0048407///GO:0048407///GO:0005161///GO:0005017///GO:0005515///GO:0019901///GO:0004713///GO:0005102///GO:0038085","GO:0007186///GO:0000165///GO:0035909///GO:0055003///GO:0060326///GO:0016477///GO:0060981///GO:0035441///GO:0036120///GO:0006024///GO:0048839///GO:0072284///GO:0072278///GO:0072277///GO:0072262///GO:0035789///GO:0072075///GO:0043066///GO:0018108///GO:0046488///GO:0046854///GO:0048015///GO:0048015///GO:0048008///GO:0035791///GO:2000573///GO:0070374///GO:0070374///GO:0043547///GO:0043406///GO:0090280///GO:0030335///GO:0008284///GO:0038091///GO:0050921///GO:0032967///GO:0035793///GO:0045840///GO:0043552///GO:0014068///GO:0010863///GO:0032516///GO:2000379///GO:0014911///GO:0014911///GO:0048661///GO:0048661///GO:0046777///GO:0032956///GO:0014066///GO:0032355///GO:0043627///GO:0034405///GO:0042542///GO:0055093///GO:0032526///GO:0009636///GO:0061298///GO:0007165///GO:0071670///GO:0042060","GO:0016324///GO:0005737///GO:0016023///GO:0070062///GO:0005925///GO:0016021///GO:0031226///GO:0043202///GO:0016020///GO:0005634///GO:0005886","GGATCCCCAGAGTTGGTCCAAGGAGGGAGAGTGGGTTCTCAATACGGTAC",1.04524748754227,4.64506624372086,4.84291695478852,2.386385024918e-06,0.000234941945296338,4.52011588094084
"ILMN_1772964","C-C motif chemokine ligand 8","CCL8","6355","","","","Homo sapiens C-C motif chemokine ligand 8 (CCL8), mRNA",22538815,"NM_005623",NA,NA,NA,"17q11.2","Chromosome 17, NC_000017.11 (34319047..34321402)","CCR chemokine receptor binding///chemokine activity///heparin binding///phospholipase activator activity///protein kinase activity","G-protein coupled receptor signaling pathway///calcium ion transport///cell-cell signaling///cellular calcium ion homeostasis///cellular response to interferon-gamma///cellular response to interleukin-1///cellular response to tumor necrosis factor///chemokine-mediated signaling pathway///chemotaxis///exocytosis///inflammatory response///lymphocyte chemotaxis///monocyte chemotaxis///negative regulation of leukocyte proliferation///neutrophil chemotaxis///positive regulation of ERK1 and ERK2 cascade///positive regulation of GTPase activity///positive regulation of inflammatory response///positive regulation of leukocyte migration///protein phosphorylation///response to virus///signal transduction","cell///extracellular space","GO:0048020///GO:0008009///GO:0008201///GO:0016004///GO:0004672","GO:0007186///GO:0006816///GO:0007267///GO:0006874///GO:0071346///GO:0071347///GO:0071356///GO:0070098///GO:0006935///GO:0006887///GO:0006954///GO:0048247///GO:0002548///GO:0070664///GO:0030593///GO:0070374///GO:0043547///GO:0050729///GO:0002687///GO:0006468///GO:0009615///GO:0007165","GO:0005623///GO:0005615","GTCATTGTTCTCCCTCCTACCTGTCTGTAGTGTTGTGGGGTCCTCCCATG",1.10650913485798,3.12201627617026,4.78502482643457,3.10300460925595e-06,0.000285003405056234,4.27626330004373
"ILMN_1799848","ankyrin repeat domain 22","ANKRD22","118932","","","","Homo sapiens ankyrin repeat domain 22 (ANKRD22), mRNA",154091031,"NM_144590",NA,NA,NA,"10q23.31","Chromosome 10, NC_000010.11 (88819899..88851975, complement)","","","","","","","CCTCTGCTCTTGGAAGCCCGTGCAGACCCCACAATAAAGAATAAGCATGG",1.05377936782651,6.27498759604985,4.75383093625942,3.57115860749411e-06,0.000309151506348757,4.1458502272408
"ILMN_1662358","MX dynamin like GTPase 1","MX1","4599","","","","Homo sapiens MX dynamin like GTPase 1 (MX1), transcript variant 2, mRNA",544711172,"NM_002462",NA,NA,NA,"21q22.3","Chromosome 21, NC_000021.9 (41420329..41459214)","GTP binding///GTPase activity///protein binding","apoptotic process///defense response///defense response to virus///innate immune response///negative regulation of viral genome replication///response to type I interferon///response to virus///signal transduction///type I interferon signaling pathway","cytoplasm///cytosol///cytosol///endoplasmic reticulum membrane///nuclear membrane///perinuclear region of cytoplasm","GO:0005525///GO:0003924///GO:0005515","GO:0006915///GO:0006952///GO:0051607///GO:0045087///GO:0045071///GO:0034340///GO:0009615///GO:0007165///GO:0060337","GO:0005737///GO:0005829///GO:0005829///GO:0005789///GO:0031965///GO:0048471","ACCCAGTGTTTTAGGAGCATGAGTGCCGTGTGTGTGCGTCCTGTCGGAGC",1.11243185560279,12.4670792706398,4.73698156060559,3.85167132700052e-06,0.000322320695547827,4.07569485255934
"ILMN_1653466","hes family bHLH transcription factor 4","HES4","57801","","","","Homo sapiens hes family bHLH transcription factor 4 (HES4), transcript variant 2, mRNA",215599500,"NM_021170",NA,NA,NA,"1p36.33","Chromosome 1, NC_000001.11 (998962..1001052, complement)","DNA binding///protein dimerization activity///transcription factor binding","cell differentiation///nervous system development///regulation of transcription, DNA-templated///transcription, DNA-templated","nucleus","GO:0003677///GO:0046983///GO:0008134","GO:0030154///GO:0007399///GO:0006355///GO:0006351","GO:0005634","CCCCGTTCTAGGGCCGTGGCCTTTGCCGAGACTGTAGCAGAGAAAACGTA",1.22855483752191,8.17806246048807,4.73046639740748,3.96574014877782e-06,0.000328219471763958,4.04862195150869
"ILMN_2132599","ankyrin repeat domain 22","ANKRD22","118932","","","","Homo sapiens ankyrin repeat domain 22 (ANKRD22), mRNA",154091031,"NM_144590",NA,NA,NA,"10q23.31","Chromosome 10, NC_000010.11 (88819899..88851975, complement)","","","","","","","AGACTTTTGGTCTGTGGGCCATTTAACCTGGATGCCACCATTTTATGGGG",1.0381519791894,6.70236604999769,4.61120643146123,6.73031357790196e-06,0.000489752238762982,3.55842070481966
"ILMN_1700671","ETS variant 7","ETV7","51513","","","","Homo sapiens ETS variant 7 (ETV7), transcript variant 1, mRNA",333470733,"NM_016135",NA,NA,NA,"6p21","Chromosome 6, NC_000006.12 (36354221..36387800, complement)","RNA polymerase II regulatory region sequence-specific DNA binding///protein binding///transcriptional repressor activity, RNA polymerase II transcription regulatory region sequence-specific binding","cell differentiation///negative regulation of transcription from RNA polymerase II promoter///organ morphogenesis///transcription from RNA polymerase II promoter","nucleoplasm///nucleus","GO:0000977///GO:0005515///GO:0001227","GO:0030154///GO:0000122///GO:0009887///GO:0006366","GO:0005654///GO:0005634","AGGAAGCCAGGCACCGATAGAGCACCCAGCCCCACCCCTGTAAATGGAAT",1.07993267930004,3.66255395342304,4.60101939903329,7.0380644773667e-06,0.000504830310583688,3.51702298860297
"ILMN_1736729","2'-5'-oligoadenylate synthetase 2","OAS2","4939","","","","Homo sapiens 2'-5'-oligoadenylate synthetase 2 (OAS2), transcript variant 2, mRNA",74229016,"NM_002535",NA,NA,NA,"12q24.2","Chromosome 12, NC_000012.12 (112978395..113011723)","2'-5'-oligoadenylate synthetase activity///2'-5'-oligoadenylate synthetase activity///ATP binding///double-stranded RNA binding///double-stranded RNA binding///metal ion binding///protein binding","RNA catabolic process///defense response to virus///interferon-gamma-mediated signaling pathway///nucleobase-containing compound metabolic process///protein glycosylation///protein myristoylation///response to virus///type I interferon signaling pathway","cytosol///endoplasmic reticulum///intracellular membrane-bounded organelle///membrane///mitochondrion///nucleus///perinuclear region of cytoplasm","GO:0001730///GO:0001730///GO:0005524///GO:0003725///GO:0003725///GO:0046872///GO:0005515","GO:0006401///GO:0051607///GO:0060333///GO:0006139///GO:0006486///GO:0018377///GO:0009615///GO:0060337","GO:0005829///GO:0005783///GO:0043231///GO:0016020///GO:0005739///GO:0005634///GO:0048471","CCAAAAAATTGTCTCTGGCAATAGTTACCTTCCCAGATACAGGTCCCCCC",1.09039891172657,7.82708662186255,4.5992839560294,7.09182536772352e-06,0.00050627566594322,3.50997804310187
"ILMN_2347798","interferon alpha inducible protein 6","IFI6","2537","","","","Homo sapiens interferon alpha inducible protein 6 (IFI6), transcript variant 2, mRNA",94538329,"NM_022872",NA,NA,NA,"1p35","Chromosome 1, NC_000001.11 (27666061..27672213, complement)","protein binding","immune response///negative regulation of cysteine-type endopeptidase activity involved in apoptotic process///negative regulation of extrinsic apoptotic signaling pathway in absence of ligand///negative regulation of mitochondrial depolarization///release of cytochrome c from mitochondria///type I interferon signaling pathway","integral component of membrane///mitochondrion///plasma membrane","GO:0005515","GO:0006955///GO:0043154///GO:2001240///GO:0051902///GO:0001836///GO:0060337","GO:0016021///GO:0005739///GO:0005886","AACTCGGTGGCTGCCTCGCTGATGAGCTGGTCTGCGATCCTGAATGGGGG",1.15381349968781,10.2893919741585,4.44564640846704,1.37912031518282e-05,0.00083464905899411,2.89499381652762
"ILMN_1675640","2'-5'-oligoadenylate synthetase 1","OAS1","4938","","","","Homo sapiens 2'-5'-oligoadenylate synthetase 1 (OAS1), transcript variant 3, mRNA",992319652,"NM_001032409",NA,NA,NA,"12q24.2","Chromosome 12, NC_000012.12 (112906777..112932190)","2'-5'-oligoadenylate synthetase activity///ATP binding///double-stranded RNA binding///metal ion binding///protein binding","defense response to virus///glucose homeostasis///glucose metabolic process///interferon-gamma-mediated signaling pathway///negative regulation of viral genome replication///response to virus///type I interferon signaling pathway","cytosol///endoplasmic reticulum///extracellular region///mitochondrion///nucleus","GO:0001730///GO:0005524///GO:0003725///GO:0046872///GO:0005515","GO:0051607///GO:0042593///GO:0006006///GO:0060333///GO:0045071///GO:0009615///GO:0060337","GO:0005829///GO:0005783///GO:0005576///GO:0005739///GO:0005634","AAAGGGTTGGAGGCAGCTGGCACAAGAGGCTGAGGCCTGGCTGAATTACC",1.14971837432858,8.55966946038087,4.40234397534207,1.6583323224672e-05,0.000979586657777388,2.72479534642892
"ILMN_1720048","C-C motif chemokine ligand 2","CCL2","6347","","","","Homo sapiens C-C motif chemokine ligand 2 (CCL2), mRNA",56119169,"NM_002982",NA,NA,NA,"17q11.2-q12","Chromosome 17, NC_000017.11 (34255277..34257203)","CCR2 chemokine receptor binding///CCR2 chemokine receptor binding///chemokine activity///heparin binding///protein kinase activity///receptor binding","G-protein coupled receptor signaling pathway///G-protein coupled receptor signaling pathway, coupled to cyclic nucleotide second messenger///JAK-STAT cascade///MAPK cascade///PERK-mediated unfolded protein response///aging///angiogenesis///astrocyte cell migration///cell adhesion///cell surface receptor signaling pathway///cellular calcium ion homeostasis///cellular homeostasis///cellular response to ATP///cellular response to dexamethasone stimulus///cellular response to drug///cellular response to fibroblast growth factor stimulus///cellular response to high density lipoprotein particle stimulus///cellular response to insulin stimulus///cellular response to interferon-gamma///cellular response to interferon-gamma///cellular response to interleukin-1///cellular response to interleukin-1///cellular response to interleukin-6///cellular response to lipopolysaccharide///cellular response to macrophage colony-stimulating factor stimulus///cellular response to organic cyclic compound///cellular response to platelet-derived growth factor stimulus///cellular response to retinoic acid///cellular response to tumor necrosis factor///cellular response to tumor necrosis factor///chemokine-mediated signaling pathway///chemotaxis///cytokine-mediated signaling pathway///cytoskeleton organization///helper T cell extravasation///humoral immune response///inflammatory response///leukocyte migration involved in inflammatory response///lipopolysaccharide-mediated signaling pathway///lymphocyte chemotaxis///macrophage chemotaxis///maternal process involved in female pregnancy///maternal process involved in parturition///monocyte chemotaxis///negative regulation of angiogenesis///negative regulation of glial cell apoptotic process///negative regulation of natural killer cell chemotaxis///negative regulation of neuron apoptotic process///neutrophil chemotaxis///organ morphogenesis///organ regeneration///positive regulation of ERK1 and ERK2 cascade///positive regulation of GTPase activity///positive regulation of T cell activation///positive regulation of apoptotic cell clearance///positive regulation of calcium ion import///positive regulation of cellular extravasation///positive regulation of collagen biosynthetic process///positive regulation of endothelial cell proliferation///positive regulation of immune complex clearance by monocytes and macrophages///positive regulation of inflammatory response///positive regulation of leukocyte mediated cytotoxicity///positive regulation of macrophage chemotaxis///positive regulation of monocyte chemotaxis///positive regulation of nitric-oxide synthase biosynthetic process///positive regulation of protein targeting to membrane///positive regulation of synaptic transmission///positive regulation of tumor necrosis factor production///protein kinase B signaling///protein phosphorylation///regulation of cell shape///regulation of vascular endothelial growth factor production///response to activity///response to amino acid///response to antibiotic///response to bacterium///response to ethanol///response to gamma radiation///response to heat///response to hypoxia///response to mechanical stimulus///response to progesterone///response to vitamin B3///response to wounding///signal transduction///transforming growth factor beta receptor signaling pathway///vascular endothelial growth factor receptor signaling pathway///viral genome replication","C-fiber///axon terminus///dendrite///endocytic vesicle///extracellular region///extracellular region///extracellular space///perikaryon///perinuclear region of cytoplasm///rough endoplasmic reticulum///synapse","GO:0031727///GO:0031727///GO:0008009///GO:0008201///GO:0004672///GO:0005102","GO:0007186///GO:0007187///GO:0007259///GO:0000165///GO:0036499///GO:0007568///GO:0001525///GO:0043615///GO:0007155///GO:0007166///GO:0006874///GO:0019725///GO:0071318///GO:0071549///GO:0035690///GO:0044344///GO:0071403///GO:0032869///GO:0071346///GO:0071346///GO:0071347///GO:0071347///GO:0071354///GO:0071222///GO:0036006///GO:0071407///GO:0036120///GO:0071300///GO:0071356///GO:0071356///GO:0070098///GO:0006935///GO:0019221///GO:0007010///GO:0035684///GO:0006959///GO:0006954///GO:0002523///GO:0031663///GO:0048247///GO:0048246///GO:0060135///GO:0060137///GO:0002548///GO:0016525///GO:0034351///GO:2000502///GO:0043524///GO:0030593///GO:0009887///GO:0031100///GO:0070374///GO:0043547///GO:0050870///GO:2000427///GO:0090280///GO:0002693///GO:0032967///GO:0001938///GO:0090265///GO:0050729///GO:0001912///GO:0010759///GO:0090026///GO:0051770///GO:0090314///GO:0050806///GO:0032760///GO:0043491///GO:0006468///GO:0008360///GO:0010574///GO:0014823///GO:0043200///GO:0046677///GO:0009617///GO:0045471///GO:0010332///GO:0009408///GO:0001666///GO:0009612///GO:0032570///GO:0033552///GO:0009611///GO:0007165///GO:0007179///GO:0048010///GO:0019079","GO:0044299///GO:0043679///GO:0030425///GO:0030139///GO:0005576///GO:0005576///GO:0005615///GO:0043204///GO:0048471///GO:0005791///GO:0045202","CAGGATTCCATGGACCACCTGGACAAGCAAACCCAAACTCCGAAGACTTG",1.21060585073198,3.30919208615054,4.33684033994769,2.18605949395766e-05,0.00118311822508703,2.46998286555706
"ILMN_1740200","ubiquitin specific peptidase 18","USP18","11274","","","","Homo sapiens ubiquitin specific peptidase 18 (USP18), mRNA",156071510,"NM_017414",NA,NA,NA,"22q11.21","Chromosome 22, NC_000022.11 (18149959..18177397)","ISG15-specific protease activity///protein binding///thiol-dependent ubiquitin-specific protease activity","protein deubiquitination///regulation of type I interferon-mediated signaling pathway///ubiquitin-dependent protein catabolic process","cytosol///nucleus","GO:0019785///GO:0005515///GO:0004843","GO:0016579///GO:0060338///GO:0006511","GO:0005829///GO:0005634","AGTGGGAGGCATCTGGGGGCCAAAGGTCAGTGGCAGGGGGTATTTCAGTA",1.05304329054334,3.46994690058847,4.31863127358459,2.35925412937255e-05,0.00123393906078954,2.39971766177182
"ILMN_2410826","2'-5'-oligoadenylate synthetase 1","OAS1","4938","","","","Homo sapiens 2'-5'-oligoadenylate synthetase 1 (OAS1), transcript variant 3, mRNA",992319652,"NM_001032409",NA,NA,NA,"12q24.2","Chromosome 12, NC_000012.12 (112906777..112932190)","2'-5'-oligoadenylate synthetase activity///ATP binding///double-stranded RNA binding///metal ion binding///protein binding","defense response to virus///glucose homeostasis///glucose metabolic process///interferon-gamma-mediated signaling pathway///negative regulation of viral genome replication///response to virus///type I interferon signaling pathway","cytosol///endoplasmic reticulum///extracellular region///mitochondrion///nucleus","GO:0001730///GO:0005524///GO:0003725///GO:0046872///GO:0005515","GO:0051607///GO:0042593///GO:0006006///GO:0060333///GO:0045071///GO:0009615///GO:0060337","GO:0005829///GO:0005783///GO:0005576///GO:0005739///GO:0005634","AGAGAGACTTCCTGAAGCAGCGCCCCACCAAGCTCAAGAGCCTCATCCGC",1.0745055113797,9.34934912961988,4.29427731289156,2.61153631396031e-05,0.00132449735680755,2.30612910808939
"ILMN_1725320","sialic acid binding Ig like lectin 1","SIGLEC1","6614","","","","Homo sapiens sialic acid binding Ig like lectin 1 (SIGLEC1), mRNA",89142743,"NM_023068",NA,NA,NA,"20p13","Chromosome 20, NC_000020.11 (3686970..3712558, complement)","carbohydrate binding","cell-matrix adhesion///endocytosis///inflammatory response///single organismal cell-cell adhesion","extracellular region///integral component of membrane///plasma membrane","GO:0030246","GO:0007160///GO:0006897///GO:0006954///GO:0016337","GO:0005576///GO:0016021///GO:0005886","GAGACCACGCAGCTCATTGATCCTGATGCAGCCACATGTGAGACCTCAAC",1.11525307992597,2.83516900005911,4.28629755374552,2.699674704363e-05,0.00136004013618127,2.27556102805101
"ILMN_1664543","interferon induced protein with tetratricopeptide repeats 3","IFIT3","3437","","","","Homo sapiens interferon induced protein with tetratricopeptide repeats 3 (IFIT3), transcript variant 2, mRNA",576795828,"NM_001031683",NA,NA,NA,"10q24","Chromosome 10, NC_000010.11 (89327819..89340968)","RNA binding///identical protein binding///molecular_function///protein binding","cellular response to interferon-alpha///defense response to virus///negative regulation of apoptotic process///negative regulation of cell proliferation///response to virus///type I interferon signaling pathway","cytoplasm///cytosol///mitochondrion","GO:0003723///GO:0042802///GO:0003674///GO:0005515","GO:0035457///GO:0051607///GO:0043066///GO:0008285///GO:0009615///GO:0060337","GO:0005737///GO:0005829///GO:0005739","AAAACAAAATCAACCGGGACCCCAGCTTTTCAGAACTGCAGGGAAACAGC",1.36632355405817,8.30250876101783,4.2556531068663,3.06535243563732e-05,0.00147991678647452,2.15861697366893
"ILMN_2066060","major histocompatibility complex, class II, DR beta 6 (pseudogene)","HLA-DRB6","3128","","","","Homo sapiens major histocompatibility complex, class II, DR beta 6 (pseudogene) (HLA-DRB6), non-coding RNA",30172540,"NR_001298",NA,NA,NA,"6p21.3","Chromosome 6, NC_000006.12 (32552713..32560002, complement)","","","","","","","AACCCCACAGCCTTGATGGCAGCGCCTCGTCTTCAACTTTTGTGCTTCCT",1.13697508523527,9.49077632794544,3.42908675055287,0.000720791738560002,0.0127923427773331,-0.720102949393693
